N,Theta[GBps],ave_crossing_per_wg
16,960,43.53333333333333
16,1920,87.06666666666666
16,2880,130.6
16,3840,174.13333333333333
