N,Theta[GBps],ave_crossing_per_wg
16,1024,93.984375
16,2048,194.7734375
16,3072,295.375
16,4096,396.73828125
