N,Theta[GBps],ave_crossing_per_wg
4,1024,3.53125
16,1024,24.6484375
